nodeId,posX,posY,authorName,affiliation,paperCount,coauthorCount,memberNodeCount,clusterLevel
5710.0,0.6594293779586109,0.3557086499292449,David H. Laidlaw,"California Inst. of Technol., Pasadena, CA, USA",847,0,364,2
5707.0,0.6183647802884028,0.9262659052006965,Torsten Möller,"Dept. of Comput. & Inf. Sci., Ohio State Univ., Columbus, OH, USA",128,0,81,2
5699.0,0.3867504314600988,0.5107670678942235,Wenwen Dou,"The Charlotte Visualization Center, UNC Charlotte",442,0,143,2
5692.0,0.5243928818109197,0.591798316068777,Jo Wood,"giCentre, Department of Information Science, City University, London",470,0,231,2
5739.0,0.29892437174159825,0.4972751379376804,Huamin Qu,"Dept. of Comput. Sci., State Univ. of New York, Stony Brook, NY, USA",277,0,97,2
5728.0,0.3689280380719874,0.7003466225906259,David S. Ebert,"Dept. of Comput. Sci., Maryland Univ., Baltimore, MD, USA",566,0,211,2
5714.0,0.7725777742683945,0.36529647492768413,Daniel A. Keim,"Inst. fuer Inf., Munchen Univ., Germany",226,0,125,2
5701.0,0.7566424552912494,0.6701750719568531,Holger Theisel,"MPI Informatik Saarbrucken, Germany",247,0,109,2
5695.0,0.34765342197709775,0.6413386781535932,Victoria Interrante,"Dept. of Comput. Sci., North Carolina Univ., Chapel Hill, NC, USA",322,0,144,2
5718.0,0.2924657639089129,0.38411337466186324,Tobias Schreck,,204,0,103,2
5737.0,0.34114088350745086,0.4171551570525842,Thomas Ertl,,309,0,130,2
5704.0,0.21008567050319377,0.4804984147306198,Carlos Scheidegger,,280,0,137,2
5719.0,0.22311178569754264,0.6600384673625727,William Ribarsky,,209,0,114,2
5723.0,0.6492680106960894,0.683783109629492,John T. Stasko,"Coll. of Comput., Georgia Inst. of Technol., Atlanta, GA, USA",613,0,252,2
5706.0,0.7181717471764972,0.5303808866835767,Oliver Deussen,"Fac. of Comput. Sci., Dresden Univ. of Technol., Germany",108,0,65,2
5700.0,0.08884848844063359,0.6844349317053567,Lawrence J. Rosenblum,"US Naval Res. Lab., Washington, DC, USA",24,0,15,2
5713.0,0.8614684677847734,0.47904303760314704,James P. Ahrens,,186,0,83,2
5735.0,0.04503447500917901,0.5589404130325679,E. Wes Bethel,,18,0,12,2
5712.0,0.8460564717218751,0.8688661017226786,Deborah Silver,"Rutgers Univ., Piscataway, NJ, USA",32,0,22,2
5722.0,0.6264938348659008,0.5932993462132456,Hanspeter Pfister,,436,0,186,2
5702.0,0.3203650900363983,0.3012253311205944,Klaus Mueller,"Biomed. Eng. Center, Ohio State Univ., Columbus, OH, USA",147,0,79,2
5711.0,0.20164533136094426,0.33009525973390064,Arie E. Kaufman,"Dept. of Comput. Sci., State Univ. of New York, Stony Brook, NY, USA",57,0,37,2
5720.0,0.5860149313486469,0.5344954901786663,Markus Hadwiger,"VRVis Res. Center, Austria",309,0,167,2
5738.0,0.13725617307960636,0.22240870342835406,Rüdiger Westermann,"German Nat. Res. Center for Comput. Sci., St. Augustin, Germany",225,0,98,2
5716.0,0.4519827983761109,0.4062421667881254,Matthew O. Ward,"Worcester Polytech. Inst., MA, USA",203,0,95,2
5732.0,0.4941111007440663,0.2746660707288937,Han-Wei Shen,"Dept. of Comput. Sci., Utah Univ., Salt Lake City, UT, USA",270,0,134,2
5724.0,0.440753261845946,0.6522841664213611,M. Eduard Gröller,,432,0,171,2
5726.0,0.28096555069455503,0.589196967063788,Bernhard Preim,"MeVis-Center for Med. Diagnostic Syst., Bremen, Germany",189,0,102,2
5717.0,0.5333989238605151,0.6726087184267416,Umeshwar Dayal,,68,0,51,2
5736.0,0.6892294902617407,0.6235926745854499,Caroline Ziemkiewicz,UNC Charlotte. e-mail: caziemki@uncc.edu,210,0,107,2
5733.0,0.5819215234482562,0.001363235743860658,Christian Rohrdantz,University of Konstanz,5,0,6,2
5727.0,0.2920795687333533,0.08306186641418212,Wei Zeng,Stony Brook University,39,0,22,2
5709.0,0.47410632810276465,0.756220324115863,Helwig Hauser,"VRVis Res. Centre, Wien Univ. of Technol., Austria",378,0,180,2
5693.0,0.2643670442593572,0.2161417194843836,Raghu Machiraju,,18,0,14,2
5697.0,0.5686343249488641,0.7483410568533342,Ronald Peikert,,18,0,14,2
5721.0,0.4096574394757241,0.28546602863422005,Hamish A. Carr,"Dept. of Comput. Sci., British Columbia Univ., Vancouver, BC, Canada",66,0,43,2
5694.0,0.6074723328349244,0.44179966036345675,Renato Pajarola,,77,0,46,2
5705.0,0.3613055922908895,0.9198167982693224,William L. Hibbard,"Space Sci. & Eng. Center, Wisconsin Univ., Madison, WI, USA",26,0,18,2
5698.0,0.8669242948284543,0.3851853600846803,David Kremers,,34,0,14,2
5731.0,0.33577279373127833,0.5576091921799118,Kwan-Liu Ma,"Utah Univ., Salt Lake City, UT, USA",715,0,287,2
5725.0,0.14826495445612387,0.8540293079563409,Daniel F. Keefe,,7,0,6,2
5729.0,0.0038257507001602242,0.38432937531938005,Xiaotong Liu,The Ohio State University,10,0,9,2
5741.0,0.45147437542957924,0.15623644616779908,Remco Chang,,168,0,69,2
5715.0,0.6913529933234717,0.1264026119641234,Johannes Sorger,VRVis Research Center,20,0,16,2
5696.0,0.5639481866904078,0.29078081734709954,Huub van de Wetering,,57,0,35,2
5730.0,0.7853326616015124,0.5816982215867477,Thomas Schultz ,,232,0,64,2
5703.0,0.524268396787706,0.051830108250096485,Robert J. Moorhead II,"NSF Eng. Res. Center for Comput. Field Simulation, Mississippi State Univ., MS, USA",113,0,66,2
5734.0,0.2567528187423056,0.9168588419041513,Lane Harrison,University of North Carolina at Charlotte,43,0,33,2
5740.0,0.5249134569975451,0.33572645086683134,Zuchao Wang,"Key Laboratory of Machine Perception (Ministry of Education) and School of EECS, Peking University",21,0,16,2
5708.0,0.9789023420473248,0.618861348316889,Daniel Weiskopf,"Inst. of Astron. & Astrophys., Tubingen Univ., Germany",115,0,66,2
