nodeId,posX,posY,authorName,affiliation,paperCount,coauthorCount,memberNodeCount,clusterLevel
5663.0,0.6897675779544823,0.36300272818514556,Rüdiger Westermann,"German Nat. Res. Center for Comput. Sci., St. Augustin, Germany",153,0,54,1
5545.0,0.6327376282186634,0.9329262058373122,Stephen M. Pizer,"North Carolina Univ., Chapel Hill, NC, USA",22,0,10,1
5631.0,0.374619262298046,0.5143705132560005,William J. Schroeder,"General Electric Corp. Res. & Dev., Schenectady, NY, USA",23,0,14,1
5518.0,0.5411175615017966,0.6052870615098573,John T. Stasko,"Coll. of Comput., Georgia Inst. of Technol., Atlanta, GA, USA",229,0,88,1
5522.0,0.26491238468500833,0.481229552874475,Vadim A. Slavin,,11,0,4,1
5594.0,0.30019651860166174,0.530218594512976,Marco Agus,"CRS4, Italy",20,0,8,1
5605.0,0.3643633427054739,0.7089378384813914,Hanspeter Pfister,,58,0,25,1
5493.0,0.8047897473226424,0.3663867629865696,Torsten Möller,"Dept. of Comput. & Inf. Sci., Ohio State Univ., Columbus, OH, USA",107,0,64,1
5638.0,0.7583201015244351,0.6800742423469187,Xiaoru Yuan,Dept. of Comput. Sci. & Eng,40,0,27,1
5560.0,0.3626063935533501,0.6136012501594015,Valerio Pascucci,,32,0,20,1
5570.0,0.38503995760366405,0.7092914139026039,Tino Weinkauf,,41,0,22,1
5514.0,0.27957838696533777,0.3685209444857892,William Ribarsky,,86,0,39,1
5667.0,0.38129577113162894,0.6969934845169432,Daniel Weiskopf,"Inst. of Astron. & Astrophys., Tubingen Univ., Germany",84,0,54,1
5512.0,0.374329027581753,0.6906152052696735,James J. Thomas,"Pacific Northwest Lab., Richland, WA, USA",198,0,51,1
5507.0,0.7558243733270886,0.6649857016095058,Thomas Ertl,,205,0,79,1
5499.0,0.3546224275584265,0.4146784521036744,Melanie Tory,"Sch. of Comput. Sci., Simon Fraser Univ., Burnaby, BC, Canada",23,0,11,1
5668.0,0.5641217415141377,0.6104585234396422,Graham Kent,,14,0,5,1
5607.0,0.5487108992698937,0.5977901225769194,Kwan-Liu Ma,"Utah Univ., Salt Lake City, UT, USA",197,0,78,1
5547.0,0.18148230468224236,0.4900014444882053,Elizabeth G. Hetzler,"Pacific Northwest Lab., Richland, WA, USA",18,0,10,1
5632.0,0.6529456731883856,0.3553933563119604,Marcus A. Magnor,,74,0,35,1
5527.0,0.6290825994690397,0.3248484506745053,Klaus Mueller,"Biomed. Eng. Center, Ohio State Univ., Columbus, OH, USA",122,0,59,1
5543.0,0.3554920162168197,0.4863833449220193,Tobias Isenberg ,"Dept. of Comput. Sci., Calgary Univ., Alta., Canada",24,0,14,1
5553.0,0.18752184054518933,0.6867698798629691,Steven Mark Drucker,Microsoft Research,38,0,27,1
5598.0,0.3730273390264721,0.4997931874969872,Heike Leitte,,37,0,14,1
5537.0,0.6188266043433129,0.6581108147080066,Roger Crawfis,"Lawrence Livermore Nat. Lab., CA, USA",72,0,42,1
5497.0,0.5137078190098807,0.5682777861756931,Robert van Liere,"Netherlands Energy Res. Foundation, Petten, Netherlands",211,0,59,1
5669.0,0.6541748199161266,0.6821205781320978,Petra Isenberg,,28,0,13,1
5550.0,0.5592503892710597,0.5882708270461171,Wei Chen ,,64,0,38,1
5582.0,0.7169715505018346,0.5754355794414385,Lauren Bradel,Virginia Tech,55,0,27,1
5523.0,0.08884848844063359,0.6844349317053567,Stefan Bruckner,"Inst. of Comput. Graphics & Algorithms, Vienna Univ. of Technol., Austria",55,0,22,1
5681.0,0.8576888597475818,0.48870852445963847,Robert J. Moorhead II,"NSF Eng. Res. Center for Comput. Field Simulation, Mississippi State Univ., MS, USA",97,0,52,1
5628.0,0.6431269161998546,0.3162867215463513,David C. Banks,"Inst. for Comput. Applications in Sci. & Eng., NASA Langley Res. Center, Hampton, VA, USA",124,0,54,1
5503.0,0.04503447500917901,0.5589404130325679,Pat Hanrahan,,111,0,58,1
5509.0,0.83441266178561,0.826399140201225,Jörn Schneidewind,,37,0,22,1
5644.0,0.653264184469412,0.5882988029180165,David J. Duke,,25,0,15,1
5682.0,0.33088801547288144,0.29785892240427536,Bo Hyoung Kim,Seoul National University,25,0,12,1
5530.0,0.3162004113683875,0.2883501615867292,Tobias Schreck,,49,0,22,1
5630.0,0.23873781096923236,0.35006754110866717,Thomas Schultz ,,18,0,10,1
5684.0,0.3056987633652953,0.3869002038998157,Bernhard Preim,"MeVis-Center for Med. Diagnostic Syst., Bremen, Germany",106,0,53,1
5590.0,0.29516101579421145,0.3816781519911634,Lloyd Treinish,,70,0,38,1
5610.0,0.8781132971472866,0.4806818231872901,R. A. Miller,,66,0,31,1
5649.0,0.5511057030188755,0.5715790225841831,Attila Gyulassy,"Dept. of Comput. Sci., California Univ., Davis, CA, USA",51,0,22,1
5606.0,0.20216361856004889,0.4559866475121511,Bettina Speckmann,,18,0,10,1
5683.0,0.23463197369379646,0.4723635551111747,Jeffrey Heer,,8,0,4,1
5624.0,0.5791430812937773,0.5443562535765679,Christopher R. Johnson ,"Utah Univ., Salt Lake City, UT, USA",42,0,22,1
5568.0,0.13458027080600227,0.19463551580561894,Alex T. Pang,"Board of Studies in Comput. & Inf. Sci., California Univ., Santa Cruz, CA, USA",25,0,14,1
5643.0,0.3140068432679259,0.3174669093707786,Patrick Mackey,,7,0,4,1
5617.0,0.6909569338405895,0.48338888218054515,Edwin Puttmann,"Institute for Visualization and Interactive Systems, Universität Stuttgart, Germany",10,0,5,1
5566.0,0.5947025178830074,0.9978043026940079,Pourang Irani,,7,0,6,1
5691.0,0.7291915843625728,0.5422824796090295,Remco Chang,,138,0,47,1
5495.0,0.6503826442937163,0.6918746786107784,Eduard Deines,,11,0,6,1
5604.0,0.640467304317976,0.6752211214269135,Han-Wei Shen,"Dept. of Comput. Sci., Utah Univ., Salt Lake City, UT, USA",42,0,24,1
5690.0,0.6390611436481212,0.7071403609941539,Carlos Scheidegger,,18,0,12,1
5538.0,0.4072738992112651,0.40145593741590696,Anushka Anand,,17,0,11,1
5519.0,0.48570565774932883,0.27558750416349653,Aidan Slingsby,"giCentre, Department of Information Science, City University, London",105,0,53,1
5671.0,0.49527443587668846,0.28579541726443913,Issei Fujishiro,"Dept. of Inf. Sci., Ochanomizu Univ., Tokyo, Japan",142,0,56,1
5635.0,0.4984759269868915,0.27434819210511796,Chandrajit L. Bajaj,"Dept. of Comput. Sci., Purdue Univ., West Lafayette, IN, USA",149,0,47,1
5648.0,0.6492299723954591,0.396679728957382,Michael J. McGuffin,"Dept. of Comput. Sci., Univ. of Toronto, Ont., Canada",57,0,33,1
5563.0,0.46311915090134304,0.6785639643075991,Yedendra Babu Shrinivasan,"Dept. Mathematics and Computer Science, Technische Universiteit Eindhoven. e-mail: y.b.shrinivasan@tue.nl",32,0,20,1
5536.0,0.2456240088148337,0.5615806914057841,Markus Hadwiger,"VRVis Res. Center, Austria",46,0,30,1
5506.0,0.6243933962217554,0.37867138401154676,Robert S. Laramee,"VRVis Res. Center, Graz, Austria",35,0,16,1
5651.0,0.5109284580914666,0.6940884884446585,Youn ah Kang,"School of Interactive Computing & GVU Center, Georgia Institute of Technology",31,0,20,1
5526.0,0.7048847223954373,0.6133940688318333,Amitabh Varshney,"Dept. of Comput. Sci., North Carolina Univ., Chapel Hill, NC, USA",168,0,63,1
5672.0,0.5126557072663107,0.29707359949533185,Hamish A. Carr,"Dept. of Comput. Sci., British Columbia Univ., Vancouver, BC, Canada",57,0,32,1
5533.0,0.5819215234482562,0.0013632357438606024,Hui Zhang ,"Dept. of Comput. Sci., Indiana Univ., Bloomington, IN, USA",8,0,5,1
5555.0,0.43314302673126004,0.6092043326659808,Yves Chiricota,,74,0,26,1
5661.0,0.3472639482107937,0.4359527847964606,Huamin Qu,"Dept. of Comput. Sci., State Univ. of New York, Stony Brook, NY, USA",19,0,6,1
5505.0,0.8667850605100424,0.4877487860536083,David S. Ebert,"Dept. of Comput. Sci., Maryland Univ., Baltimore, MD, USA",275,0,89,1
5552.0,0.6861015877073076,0.6900839622875727,Peer-Timo Bremer,"Center for Image Process. & Integrated Comput., California Univ., Davis, CA, USA",56,0,32,1
5500.0,0.3974342478682187,0.5296202831723518,Martin Schulz ,"Visualization & Interactive Syst. Group, Stuttgart Univ., Germany",32,0,15,1
5554.0,0.7814752427957143,0.41809565940429794,Caroline Ziemkiewicz,UNC Charlotte. e-mail: caziemki@uncc.edu,44,0,21,1
5625.0,0.7948753831828042,0.36709237690158025,Hangzai Luo,"Dept of Computer Science, University of North Carolina at Charlotte, hluo@uncc.edu",198,0,45,1
5583.0,0.561879185916504,0.5551153893464307,Lars Linsen,,68,0,26,1
5511.0,0.5828510238185974,0.5301024824535713,Georges G. Grinstein,"Dept. of Comput. Sci., Lowell Univ., MA, USA",187,0,82,1
5595.0,0.299839105411269,0.36079783146208155,Joe Michael Kniss,"Sch. of Comput., Utah Univ., Salt Lake City, UT, USA",59,0,30,1
5520.0,0.2737024709605641,0.110646809091699,Cagatay Turkay,University of Bergen,11,0,8,1
5562.0,0.7661111450681425,0.36848696631521205,Erik Sundén,Link&#x0F5,38,0,16,1
5640.0,0.50273880363175,0.7306572254745597,Matthew O. Ward,"Worcester Polytech. Inst., MA, USA",121,0,42,1
5548.0,0.3215362747531323,0.4008342342576176,Bernd Hamann,"Dept. of Comput. Sci., Arizona State Univ., Tempe, AZ, USA",52,0,16,1
5584.0,0.251470082208944,0.6409279275619257,Michael Glueck,Autodesk Research,92,0,24,1
5559.0,0.7074441221613464,0.38149691216463805,Frans A. Gerritsen,,41,0,14,1
5634.0,0.739179334697377,0.41242833514082433,Holger Theisel,"MPI Informatik Saarbrucken, Germany",8,0,6,1
5549.0,0.2867512201497509,0.18556378140275248,Jian Zhao ,"University of Toronto, Canada",22,0,13,1
5569.0,0.5461491339068476,0.7682620715832857,Helwig Hauser,"VRVis Res. Centre, Wien Univ. of Technol., Austria",31,0,17,1
5496.0,0.24198286836896343,0.24671965756601472,Ming Wan,,36,0,20,1
5564.0,0.6095138733837154,0.49128056598084585,Naren Ramakrishnan,"Virginia Tech, USA",40,0,22,1
5615.0,0.3975565755012983,0.2710646066158311,Penny Rheingans,,22,0,15,1
5579.0,0.6200335234789891,0.43578650564635635,Lawrence Roy,Roy Family Homeschool,18,0,9,1
5492.0,0.24574291460258807,0.6896502298081304,Jason Dykes,,185,0,74,1
5513.0,0.3613055922908895,0.9198167982693224,Jean Scholtz,,9,0,8,1
5544.0,0.42967265730440435,0.7287188377061076,Julien Tierny,"Scientific Computing and Imaging Institute, University of Utah",32,0,16,1
5646.0,0.46635658752002945,0.7218912563699484,Pheng-Ann Heng,"Indiana Univ., Bloomington, IN, USA",15,0,6,1
5623.0,0.5141979904846223,0.7957465464882572,James T. Klosowski,"IBM Thomas J. Watson Res. Center, Yorktown Heights, NY, USA",8,0,6,1
5534.0,0.6471518032771268,0.47151173025988363,Hua Guo,Brown University,59,0,28,1
5587.0,0.6556087412902589,0.3670704260050933,M. Eduard Gröller,,183,0,64,1
5597.0,0.4114281320564729,0.6752192405828961,Christoph Garth,"Dept. of Comput. Sci., Kaiserslautern Univ., Germany",33,0,13,1
5532.0,0.8636759109492846,0.37542765519861343,Dennis Thom,"Institute for Visualization and Interactive Systems, Universität Stuttgart, Germany",119,0,55,1
5551.0,0.5911195159908805,0.7284200421233825,Patrick J. Moran,"Dept. of Comput. Sci., Illinois Univ., Urbana, IL, USA",4,0,3,1
5616.0,0.3397688923732731,0.5646193454812308,Qiaomu Shen,Hong Kong University of Science and Technology,221,0,75,1
5541.0,0.35254286029062,0.6595954454985947,Oliver Deussen,"Fac. of Comput. Sci., Dresden Univ. of Technol., Germany",55,0,18,1
5502.0,0.7172374329142829,0.5289206296990536,Chris Weaver,University of Wisconsin-Madison,23,0,12,1
5521.0,0.14826495445612387,0.8540293079563409,Bryan A. Pendleton,,24,0,14,1
5664.0,0.5069398293751782,0.6230455930382689,Blake Nelson,University of Utah,11,0,9,1
5501.0,0.5047899445478247,0.721005692311724,Chris Muelder,"University of California, Davis",100,0,36,1
5516.0,0.6642917156712619,0.37418879677333755,Sheelagh Carpendale,"Sch. of Comput. Sci., Simon Fraser Univ., Burnaby, BC, Canada",169,0,49,1
5676.0,0.4365615727415178,0.6623998591623999,Alan M. MacEachren,"Dept. of Geogr., Pennsylvania State Univ., University Park, PA, USA",31,0,10,1
5517.0,0.6412568027777884,0.5776235234904251,Jo Wood,"giCentre, Department of Information Science, City University, London",119,0,49,1
5561.0,0.507176949933196,0.2824468329098225,Wenwen Dou,"The Charlotte Visualization Center, UNC Charlotte",165,0,51,1
5662.0,0.870172678707624,0.39494306497074716,Daniel A. Keim,"Inst. fuer Inf., Munchen Univ., Germany",37,0,15,1
5647.0,0.5489464158044667,0.526780201934937,Christophe Hurter,"DSNA/DTI R&D, ENAC and IRIT/IHCS",17,0,10,1
5659.0,0.6383871678135594,0.33028331327051474,Ed H. Chi,"Dept. of Comput. Sci., Minnesota Univ., Minneapolis, MN, USA",214,0,52,1
5627.0,0.29465071797512365,0.49438191891982364,Robert Zawadzki,,3,0,3,1
5557.0,0.5024455315423514,0.2483316293286714,Fernanda B. Viégas,Massachusetts Institute of Technology,147,0,47,1
5670.0,0.5869777871622663,0.6194664675605188,Christoph Heinzl,,21,0,8,1
5621.0,0.5444954016005492,0.6401753924663168,Johann Kastner,,15,0,10,1
5666.0,0.3402445571796957,0.5537381554884058,Justin Talbot,,122,0,60,1
5540.0,0.4894303183193862,0.4036159743467922,Gennady L. Andrienko,,12,0,8,1
5498.0,0.6841551978123751,0.28930226900222866,Natalia V. Andrienko,,86,0,29,1
5608.0,0.3434558699141355,0.5856065313702543,Fernando Vieira Paulovich,"Instituto de Ciências Matemáticas e de Computação, Universidade de São Paulo, São Carlos, Brazil. e-mail: paulovic@icmc.usp.br",24,0,17,1
5613.0,0.6795493469754162,0.3697349504630595,Victoria Interrante,"Dept. of Comput. Sci., North Carolina Univ., Chapel Hill, NC, USA",99,0,49,1
5524.0,0.0038257507001602242,0.38432937531938005,E. Wes Bethel,,18,0,11,1
5581.0,0.3278110120873231,0.6508193388027834,William L. Hibbard,"Space Sci. & Eng. Center, Wisconsin Univ., Madison, WI, USA",26,0,17,1
5591.0,0.6545994863087462,0.3772534117144203,Leanna House,"Department of Statistics, Virginia Tech, USA",123,0,56,1
5508.0,0.43402840975586193,0.11235391014305313,Deborah Silver,,26,0,18,1
5687.0,0.32405705814016267,0.5269855870238997,William E. Lorensen,"General Electric Co., Schenectady, NY, USA",13,0,11,1
5658.0,0.6375335505760141,0.662865556141125,Peter Bak,"University of Konstanz, Germany",80,0,30,1
5633.0,0.6905763753923307,0.13417499775460412,Weiwei Cui,,79,0,34,1
5656.0,0.779308931193176,0.6321825201128054,Ivan Marusic,,18,0,11,1
5650.0,0.6011534215722228,0.5919718505360969,Lyndsey Franklin,"Pacific Northwest National Laboratory, USA",28,0,20,1
5674.0,0.5936109413259542,0.31118315997594015,Allan R. Wilks,,5,0,5,1
5593.0,0.49865263438649515,0.6036480098225196,Daniel F. Keefe,,7,0,5,1
5577.0,0.5225338366382786,0.6702034809908737,Felesia Stukes,,8,0,5,1
5601.0,0.7258471353230918,0.36098860547077327,David N. Kenwright,"Dept. of Mech. Eng., Auckland Univ., New Zealand",24,0,8,1
5603.0,0.43317929189093735,0.5236680106237592,Huub van de Wetering,,11,0,8,1
5678.0,0.46432919933136635,0.2752805697767311,Ken Martin,,27,0,11,1
5535.0,0.4290765356435108,0.2718741218809493,Xiaoyu Wang,University of North Carolina at Charlotte,85,0,31,1
5626.0,0.602680541046642,0.5379579866937808,Mark A. Duchaineau,"Los Alamos Nat. Lab., NM, USA",62,0,32,1
5585.0,0.7554684802844749,0.6399020350223334,Colin Ware,Data Visualization Research Lab,27,0,17,1
5556.0,0.8089750286165165,0.5770527023778758,Christian Rohrdantz,,5,0,5,1
5567.0,0.6716532958283066,0.6354320919386649,Wei Zeng,Stony Brook University,25,0,15,1
5529.0,0.23145635011209614,0.6412928655564304,Cláudio T. Silva,"Dept. of Comput. Sci., State Univ. of New York, Stony Brook, NY, USA",49,0,26,1
5641.0,0.6675964307661406,0.702847804735288,Jarke J. van Wijk,"Netherlands Energy Res. Found. ECN, Petten, Netherlands",161,0,60,1
5542.0,0.7643601541745264,0.7392627317152808,James P. Ahrens,"Adv. Comput. Lab., Los Alamos Nat. Lab., NM, USA",38,0,18,1
5645.0,0.7265726912437958,0.6646432009342742,Jürgen Hesser,,22,0,14,1
5574.0,0.5117743536742125,0.008330070068962914,Gordon Erlebacher,,11,0,8,1
5642.0,0.4928179767289376,0.4428168422810725,Chad Jones,,7,0,5,1
5677.0,0.45086578082032774,0.8090364022312828,Heike Hofmann,Iowa State University,15,0,11,1
5546.0,0.2567528187423056,0.9168588419041513,Niklas Elmqvist,"Dept. of Comput. Sci., Chalmers Univ. of Technol., Goteborg, Sweden",9,0,8,1
5620.0,0.419188655387993,0.43681659062414296,Peter Lindstrom,"Coll. of Comput., Georgia Inst. of Technol., Atlanta, GA, USA",12,0,8,1
5510.0,0.33133759104912486,0.557096341535768,Yanhong Wu,Hong Kong University of Science and Technology,118,0,62,1
5639.0,0.4868253972663972,0.2584648207875394,Lane Harrison,,43,0,32,1
5685.0,0.5654100095450127,0.44435075333445423,Nico Pietroni,,4,0,4,1
5673.0,0.7894778272933035,0.3324373932856125,Iwan W. Griffiths,,9,0,4,1
5614.0,0.22025453853965898,0.6394235301999087,Gerik Scheuermann,"Dept. of Comput. Sci., Kaiserslautern Univ., Germany",105,0,44,1
5592.0,0.8432866537341825,0.4590330167120513,Rocco Gasteiger,"Department of Simulation and Graphics, University of Magdeburg, Germany",19,0,12,1
5654.0,0.4755707471375986,0.5871602087349942,Zuchao Wang,"Key Laboratory of Machine Perception (Ministry of Education) and School of EECS, Peking University",13,0,7,1
5558.0,0.6170903981768255,0.5558755512645304,Isaac Cho,UNC Charlotte,63,0,26,1
5679.0,0.3082710684857757,0.5840926864885055,Jim Davies,,5,0,5,1
5660.0,0.27936346824359004,0.6113315021435978,Ken Brodlie,,18,0,6,1
5653.0,0.3396120913374172,0.6958951707825175,Ben Torkian,,9,0,6,1
5504.0,0.6921296112546126,0.1186302261736426,Hans-Christian Hege,,151,0,56,1
5515.0,0.6276541947635376,0.8480672070707695,Maneesh Agrawala,,14,0,12,1
5657.0,0.5317616537444727,0.3530955495092689,Mihael Ankerst,"Inst. for Comput. Sci., Munchen Univ., Germany",7,0,2,1
5494.0,0.5180652602506174,0.31835735222439376,Michael E. Papka,"Argonne National Laboratory, Northern Illinois University",56,0,22,1
5539.0,0.44644546439018723,0.7760106621285661,Jay Takle,,5,0,5,1
5596.0,0.28205154800845095,0.4226697414704663,Narayanan Kasthuri,,13,0,10,1
5655.0,0.48475149362428066,0.5624660057595742,David H. Rogers,,8,0,7,1
5588.0,0.7616902945865083,0.5863437407956195,Mikkel Rønne Jakobsen,University of Copenhagen,32,0,10,1
5589.0,0.8577002816581403,0.9113330632441323,Markus Bögl,,8,0,6,1
5686.0,0.3359378657045994,0.48327048544344703,Kenneth I. Joy,,15,0,11,1
5578.0,0.7788663784640802,0.29645569991660325,Dominik Sacha,"Data Analysis and Visualization Group, University of Konstanz",6,0,5,1
5525.0,0.1399320753532105,0.2501818910510892,Yunhai Wang,"Shenzhen Institutes of Advanced Technology, Chinese Academy of Sciences",14,0,14,1
5622.0,0.636276160805683,0.6137464720068342,Emily Wall,"Georgia Institute of Technology, Atlanta, GA, USA",47,0,20,1
5612.0,0.6532292673801348,0.5526338916430714,Xiaotong Liu,The Ohio State University,10,0,8,1
5629.0,0.695210192652302,0.6505310312304117,Matthew Chalmers,"Union Bank of Switzerland, Switzerland",9,0,9,1
5573.0,0.9983296227559031,0.5728236471747277,Theresia Gschwandtner,,4,0,4,1
5571.0,0.31045666650614245,0.055476923736665185,F. David Fracchia,,12,0,10,1
5618.0,0.4651293145495383,0.3497090146220575,Johannes Sorger,,10,0,5,1
5689.0,0.685169750170917,0.5950135063408893,Arie E. Kaufman,"Dept. of Comput. Sci., State Univ. of New York, Stony Brook, NY, USA",3,0,3,1
5575.0,0.6132992198937988,0.6093544153377563,Ronald Peikert,,10,0,6,1
5637.0,0.40233920728236316,0.31345935740587966,Marco Foscato,,5,0,5,1
5619.0,0.20222498817677897,0.6621663711860715,Qingsong Liu,"SKLCS, Institute of Software, Chinese Academy of Sciences, China",14,0,10,1
5572.0,0.5675211984485957,0.07432546350579539,Pedro Hermosilla,"ViRVIG Group, Barcelona Supercomputing Center",5,0,5,1
5576.0,0.7829648686727245,0.5119520819250513,Raghu Machiraju,,7,0,4,1
5528.0,0.9594750613387466,0.6648990494590503,Ben Shneiderman,"Dept. of Comput. Sci., Maryland Univ., College Park, MD, USA",8,0,6,1
5599.0,0.5616314563121182,0.3014822931701663,Kejian Zhao,,6,0,5,1
5665.0,0.536602162433151,0.25967699889519213,John C. Hart,"Electron. Visualization Lab., Illinois Univ., Chicago, IL, USA",8,0,5,1
5580.0,0.16160850959090622,0.30039712140584807,Xun Zhao,Hong Kong University of Science and Technology,6,0,6,1
5531.0,0.45951442679913607,0.6360334353879297,Ye Zhao,"Center for Visual Comput., Stony Brook Univ., NY, USA",30,0,10,1
5565.0,0.4935096382403095,0.07283479117553121,Qiaoan Chen,,10,0,8,1
5609.0,0.597293995038569,0.41554965221313267,Sharon J. Laskowski,,6,0,6,1
5636.0,0.4523366759400232,0.15326546495780696,Tolga Tasdizen,"Sch. of Comput., Utah Univ., Salt Lake City, UT, USA",11,0,6,1
5600.0,0.2906036572340207,0.5997829882172645,Fei Wang,,2,0,2,1
5611.0,0.5556379991117663,0.6859675118051174,Dwayne R. Westenskow,,7,0,6,1
5680.0,0.4777833961229713,0.7666959702164587,Khairi Reda,,5,0,4,1
5675.0,0.6717081127669794,0.5403056672463427,Benjamin Eysenbach,,5,0,5,1
5652.0,0.4380566260595451,0.40303864143878043,Andrew Thomas Burks,,10,0,9,1
5586.0,0.2045896735226942,0.3398211166871866,Joerg Meyer,,4,0,3,1
5688.0,0.22206478507668725,0.503642011810948,Ellen Longmire,,3,0,2,1
5602.0,0.46805804059285266,0.20308996340253704,Mike Sips,,4,0,4,1
